domain,vendor,category,evidence_url,evidence_type,dedicated_service,shared_infrastructure,essential_function,false_positive_risk,status,observed_date,notes
c.contentsquare.net,Contentsquare,behavioral_analytics,https://docs.contentsquare.com/en/web/requests/,vendor-doc,yes,no,no,moderate,research,2026-09-24,Documented pageview and event collection endpoint
cdn.heapanalytics.com,Heap,product_analytics,https://developers.heap.io/docs/install-heapjs,vendor-doc,yes,no,no,low-moderate,research,2026-09-24,Documented Heap.js installation and identify API script host
cloudflareinsights.com,Cloudflare Web Analytics,web_analytics,https://developers.cloudflare.com/web-analytics/data-metrics/data-origin-and-collection/,vendor-doc,yes,no,no,low-moderate,research,2026-09-24,Documented manual Web Analytics beacon collection endpoint
csxd.contentsquare.net,Contentsquare,behavioral_analytics,https://docs.contentsquare.com/en/web/core-concepts/,vendor-doc,yes,no,no,moderate,research,2026-09-24,Documented iframe cookie-sync host used by the tracking tag
heapanalytics.com,Heap,product_analytics,https://developers.heap.io/docs/install-heapjs,vendor-doc,no,unknown,unknown,high,hold,2026-09-24,Broad apex used for collector/connect resources and requires extra false-positive review
k-aeu1.contentsquare.net,Contentsquare,session_replay,https://docs.contentsquare.com/en/web/requests/,vendor-doc,yes,no,no,low-moderate,research,2026-09-24,Documented Europe quota endpoint for advanced session replay collection
q-aus1.contentsquare.net,Contentsquare,session_replay,https://docs.contentsquare.com/en/web/requests/,vendor-doc,yes,no,no,low-moderate,research,2026-09-24,Documented US quota endpoint for advanced session replay collection
static.cloudflareinsights.com,Cloudflare Web Analytics,web_analytics,https://developers.cloudflare.com/web-analytics/data-metrics/data-origin-and-collection/,vendor-doc,yes,no,no,low-moderate,research,2026-09-24,Documented Web Analytics performance beacon script host
t.contentsquare.net,Contentsquare,behavioral_analytics,https://docs.contentsquare.com/en/web/,vendor-doc,yes,no,no,moderate,research,2026-09-24,Documented Contentsquare main tracking tag host
